{
    "rms": 0.5933211372927959, 
    "dist_coefs": "[[ -2.98439485e-01  -1.84033014e+00  -2.98451462e-03  -1.87497250e-02\n    3.50612185e+00]]", 
    "camera_matrix2": [
        0.0, 
        0.0, 
        1.0
    ], 
    "camera_matrix1": [
        0.0, 
        702.67794241862111, 
        241.49360363764268
    ], 
    "camera_matrix0": [
        716.75519178025672, 
        0.0, 
        389.1815825320611
    ]
}