{"rms": 0.6491196497792269, "dist_coefs": "[[-0.13079101 -0.06788398 -0.0012731   0.00110881  0.25797607]]", "camera_matrix2": [0.0, 0.0, 1.0], "camera_matrix1": [0.0, 564.5044688306956, 217.4711696068903], "camera_matrix0": [565.83066961214786, 0.0, 319.83832040536981]}